report_number,agency,crime_type,crime_date,report_date,location,disposition,latitude,longitude
2026-08160030,FSUPD,POSSESSION OF ALCOHOL BY MINOR,2026-08-16T01:59:00,2026-08-16T01:59:00,"715 W MADISON ST , TALLAHASSEE, FL 32304",Cleared by Arrest,30.4365079,-84.2952174
2026-08150154,FSUPD,PETIT THEFT 2ND DEG,2026-08-15T21:30:00,2026-08-15T22:15:00,"702 UNIVERSITY WAY , TALLAHASSEE, FL 32306",Victim Refused to Cooperate,30.440514,-84.294052
2026-08150031,FSUPD,DUI,2026-08-15T04:22:00,2026-08-15T04:22:00,"W ST AUGUSTINE ST/LORENE ST , TALLAHASSEE, FL 32304",Cleared by Arrest,,
2026-08140195,FSUPD,DRIV WHILE LIC SUSPEND REVOCATION EQUIV STATUS 1ST OFFENSE,2026-08-14T23:13:00,2026-08-14T23:13:00,"556 W TENNESSEE ST , TALLAHASSEE, FL 32301",Cleared by Arrest,30.4447739,-84.2897867
2026-08140195,FSUPD,It is unlawful for a person who has been arrested or lawfully detained by a law enforcement officer to give a false name,2026-08-14T23:13:00,2026-08-14T23:13:00,"556 W TENNESSEE ST , TALLAHASSEE, FL 32301",Cleared by Arrest,30.4447739,-84.2897867
2026-08140195,FSUPD,OPERATE MOTOR VEHICLE W/O VALID LIC 3RD/SUBSQ,2026-08-14T23:13:00,2026-08-14T23:13:00,"556 W TENNESSEE ST , TALLAHASSEE, FL 32301",Cleared by Arrest,30.4447739,-84.2897867
2026-08140147,FSUPD,LEAVE SCENE OF CRASH INVOLVE DAMAGE TO PROP,2026-08-14T14:36:00,2026-08-14T17:07:00,"860 TRADITIONS WAY , TALLAHASSEE, FL 32306",Inactive,30.441505,-84.297107
2026-08110164,FSUPD,Loitering and Prowling,2026-08-11T21:51:00,2026-08-11T21:51:00,"1000 W TENNESSEE ST , TALLAHASSEE, FL 32306",Cleared by Arrest,30.446909,-84.2994474
2026-08110164,FSUPD,TRESPASSING,2026-08-11T21:51:00,2026-08-11T21:51:00,"1000 W TENNESSEE ST , TALLAHASSEE, FL 32306",Cleared by Arrest,30.446909,-84.2994474
2026-08110086,FSUPD,FAILURE TO APPEAR OF DEFENDANT ON BAIL FOR MISDEMEANOR CHARGE,2026-08-11T10:15:00,2026-08-11T10:16:00,"1610 W TENNESSEE ST , TALLAHASSEE, FL 32304",Cleared by Arrest,30.4494482,-84.3081537
2026-08100057,FSUPD,OPERATE MOTOR VEHICLE W/O VALID LIC 3RD/SUBSQ,2026-08-10T14:09:00,2026-08-10T14:09:00,"556 W TENNESSEE ST , TALLAHASSEE, FL 32301",Cleared by Arrest,30.4447739,-84.2897867
2026-08100057,FSUPD,UNLAWFUL SPEED,2026-08-10T14:09:00,2026-08-10T14:09:00,"556 W TENNESSEE ST , TALLAHASSEE, FL 32301",Cleared by Arrest,30.4447739,-84.2897867
2026-08100048,FSUPD,RESISTING ARREST W/OUT VIOLENCE,2026-08-10T10:50:00,2026-08-10T10:55:00,"109 COLLEGIATE LOOP , TALLAHASSEE, FL 32306",Cleared by Arrest,30.4416527,-84.2955294
2026-08100004,FSUPD,DRIVE WITH SUSPENDED REVOKED LICENSE 2ND OR SUBSQ OFF,2026-08-10T00:05:00,2026-08-10T00:05:00,"W TENNESSEE ST/STADIUM DR , Tallahassee, FL",Cleared by Arrest,,
2026-08100044,FSUPD,CRIMINAL MISCHIEF $200 OR LESS- 1ST OFFENSE,2026-08-09T21:25:00,2026-08-10T10:03:00,"921 LEARNING WAY , TALLAHASSEE, FL 32304",Inactive,30.4403853,-84.2991634
2026-08100107,FSUPD,Other- PETIT THEFT 1ST DEG $100 LESS THAN $750,2026-08-09T18:50:00,2026-08-10T21:23:00,"702 UNIVERSITY WAY , TALLAHASSEE, FL 32306",Inactive,30.440514,-84.294052
2026-08090008,FSUPD,DRIVE WHILE LIC SUSP HABITUAL OFFENDER,2026-08-09T00:55:00,2026-08-09T00:57:00,"S WOODWARD AVE/W PENSACOLA ST , TALLAHASSEE, FL 32304",Cleared by Arrest,,
2026-08090008,FSUPD,FAIL TO OBEY LEO ORDER TO STOP FLEE,2026-08-09T00:55:00,2026-08-09T00:57:00,"S WOODWARD AVE/W PENSACOLA ST , TALLAHASSEE, FL 32304",Cleared by Arrest,,
2026-08080043,FSUPD,Dangerous Excessive Speeding,2026-08-08T09:49:00,2026-08-08T09:49:00,"W TENNESSEE ST/W BREVARD ST , FL",Cleared by Arrest,,
2026-08080019,FSUPD,DUI,2026-08-08T02:17:00,2026-08-08T02:17:00,"STADIUM DR/W PENSACOLA ST , Tallahassee, FL 32304",Cleared by Arrest,,
2026-08080019,FSUPD,POSSESSION OF CONTROLLED SUBSTANCE W/O PRESCRIPTION,2026-08-08T02:17:00,2026-08-08T02:17:00,"STADIUM DR/W PENSACOLA ST , Tallahassee, FL 32304",Cleared by Arrest,,
2026-08080019,FSUPD,POSSESSION OF NOT MORE THAN 20 GRAMS OF CANNABIS,2026-08-08T02:17:00,2026-08-08T02:17:00,"STADIUM DR/W PENSACOLA ST , Tallahassee, FL 32304",Cleared by Arrest,,
2026-08070067,FSUPD,POSSESSION OF CONTROLLED SUBSTANCE W/O PRESCRIPTION,2026-08-07T14:53:00,2026-08-07T14:53:00,"W TENNESSEE ST/N MACOMB ST , FL",Closed,,
2026-08070049,FSUPD,TRESSPASS AFTER WARNING,2026-08-07T10:54:00,2026-08-07T10:54:00,"970 LEARNING WAY , TALLAHASSEE, FL 32306",Cleared by Arrest,30.4406304,-84.2986269
2026-08060011,FSUPD,DWLS W/ KNOWLEDGE,2026-08-06T01:36:00,2026-08-06T01:36:00,"1115 W CALL ST , TALLAHASSEE, FL 32306",Cleared by Citation,30.4442011,-84.2994469
2026-08030085,FSUPD,Petit theft Property value $100 but less than $750,2026-08-03T19:46:00,2026-08-03T19:46:00,1194 HERITAGE GROVE CIR,Open/Pending,30.4459699,-84.3128098
2026-08030074,FSUPD,STALKING- FOLLOW HARASS CYBERSTALK ANOTHER,2026-08-03T17:18:00,2026-08-03T17:18:00,"1017 ACADEMIC WAY , TALLAHASSEE, FL 32306",TOT-Turned Over to Other Agency,30.4461372,-84.2995042
2026-08030072,FSUPD,DWLSR REVOCATION EQUIV STATUS 2ND OFF,2026-08-03T16:48:00,2026-08-03T16:48:00,"STADIUM DR/HENDRY ST , Tallahassee, FL 32306",Cleared by Citation,,
2026-08030072,FSUPD,UNLAWFUL SPEED MUNICIPAL RD,2026-08-03T16:48:00,2026-08-03T16:48:00,"STADIUM DR/HENDRY ST , Tallahassee, FL 32306",Cleared by Citation,,
2026-08030068,FSUPD,ATTACH REGISTRATION LICENSE PLATE NOT ASSIGNED,2026-08-03T16:07:00,2026-08-03T16:07:00,"602 W CALL ST , TALLAHASSEE, FL 32304",Cleared by Citation,30.4439994,-84.2910738
2026-08020103,FSUPD,AGGRAVATED ASSAULT W/ DEADLY WEAPON W/OUT INTENT TO KILL,2026-08-02T23:10:00,2026-08-02T23:14:00,"504 W CALL ST , TALLAHASSEE, FL 32301",Open/Pending,30.4437193,-84.2890334
2026-08020100,FSUPD,DWLS W/ KNOWLEDGE,2026-08-02T22:32:00,2026-08-02T22:32:00,"811 LAKE BRADFORD RD , TALLAHASSEE, FL 32304",Cleared by Citation,30.4336128,-84.3014193
2026-08020098,FSUPD,DISORDERLY CONDUCT,2026-08-02T22:14:00,2026-08-02T22:14:00,"CHAPEL DR , Tallahassee, FL 32304",Cleared by Arrest,30.4467166,-84.3103169
2026-08010119,FSUPD,It is unlawful for a person who has been arrested or lawfully detained by a law enforcement officer to give a false name,2026-08-01T22:20:00,2026-08-01T22:20:00,"W TENNESSEE ST/DEWEY ST , Tallahassee, FL",Cleared by Arrest,,
2026-08010119,FSUPD,RESISTING ARREST W/OUT VIOLENCE,2026-08-01T22:20:00,2026-08-01T22:20:00,"W TENNESSEE ST/DEWEY ST , Tallahassee, FL",Cleared by Arrest,,
2026-08010030,FSUPD,FAILURE TO APPEAR OF DEFENDANT ON BAIL FOR FELONY CHARGE,2026-08-01T04:36:00,2026-08-01T04:36:00,"1000 W TENNESSEE ST , TALLAHASSEE, FL 32306",Closed,30.446909,-84.2994474
2026-08010023,FSUPD,BURGLARY TO UNOCC STRUCTURE WHILE UNARMED,2026-08-01T02:35:00,2026-08-01T02:52:00,"411 STADIUM DR , TALLAHASSEE, FL 32306",Cleared by Arrest,30.438076,-84.3046449
2026-08010023,FSUPD,RESISTING ARREST W/OUT VIOLENCE,2026-08-01T02:35:00,2026-08-01T02:52:00,"411 STADIUM DR , TALLAHASSEE, FL 32306",Cleared by Arrest,30.438076,-84.3046449
2026-08010023,FSUPD,TRESPASS OF STRUCTURE OR CONVEYANCE,2026-08-01T02:35:00,2026-08-01T02:52:00,"411 STADIUM DR , TALLAHASSEE, FL 32306",Cleared by Arrest,30.438076,-84.3046449
2026-08010024,FSUPD,CRIMINAL MISCHIEF $201 - $999- 1ST OFFENSE,2026-07-31T23:50:00,2026-08-01T03:54:00,"500 W COLLEGE AVE , TALLAHASSEE, FL 32301",Open/Pending,30.44081,-84.28858
2026-07310146,FSUPD,POSSESSION OF NOT MORE THAN 20 GRAMS OF CANNABIS,2026-07-31T23:00:00,2026-07-31T23:00:00,"JACKSON BLUFF RD/HENDRY ST , TALLAHASSEE, FL 32304",Cleared by Arrest,,
2026-08040042,FSUPD,PETIT THEFT 2ND DEG,2026-07-31T14:00:00,2026-08-04T09:42:00,"113 COLLEGIATE LOOP , Tallahassee, FL 32306",Open/Pending,30.4416527,-84.2955294
2026-07310065,FSUPD,LEAVE SCENE OF CRASH INVOLVE DAMAGE TO PROP,2026-07-31T12:34:00,2026-07-31T12:37:00,"W JEFFERSON ST/GRAY ST , TALLAHASSEE, FL 32304",Open/Pending,,
2026-07310114,FSUPD,BURGLARY OF UNOCCUP DWELLING WHILE UNARMED,2026-07-31T05:00:00,2026-07-31T19:49:00,"1944 HERITAGE GROVE CIR , TALLAHASSEE, FL 32304",Open/Pending,30.4458107,-84.3147204
2026-07310114,FSUPD,GRAND THEFT $750 LESS THAN $5K,2026-07-31T05:00:00,2026-07-31T19:49:00,"1944 HERITAGE GROVE CIR , TALLAHASSEE, FL 32304",Open/Pending,30.4458107,-84.3147204
2026-07310094,FSUPD,CRIMINAL MISCHIEF $201 - $999- 1ST OFFENSE,2026-07-30T00:00:00,2026-07-31T17:23:00,"1501 GOVERNORS SQUARE BLVD , TALLAHASSEE, FL 32301",Open/Pending,30.4381241,-84.2579148
2026-08050092,FSUPD,CRIMINAL MISCHIEF $1000 OR MORE,2026-07-29T08:00:00,2026-08-05T14:37:00,"350 CHAPEL DR , TALLAHASSEE, FL 32304",Inactive,30.4450348,-84.3105036
2026-07280147,FSUPD,OPERATE MOTOR VEHICLE WO VALID LICENSE 1ST CONV,2026-07-28T20:48:00,2026-07-28T20:48:00,"W JEFFERSON ST/S COPELAND ST , TALLAHASSEE, FL",Cleared by Arrest,,
2026-07270096,FSUPD,DWLS W/OUT KNOWLEDGE,2026-07-27T15:33:00,2026-07-27T15:33:00,"1416 W TENNESSEE ST , TALLAHASSEE, FL 32304",Closed,30.4498187,-84.3059974
2026-07270095,FSUPD,OPERATE MOTOR VEHICLE W/O VALID LIC 3RD/SUBSQ,2026-07-27T15:24:00,2026-07-27T15:24:00,"MACOMB ST/PARK AVE W , Tallahassee, FL 32303",Cleared by Citation,,
2026-07260060,FSUPD,TRESPASS FAIL TO LEAVE PROP ON ORDER OF OWNER,2026-07-26T13:04:00,2026-07-26T13:04:00,"104 N WOODWARD AVE 1, TALLAHASSEE, FL 32306",Cleared by Arrest,,
2026-07260042,FSUPD,DRIV WHILE LIC SUSPEND REVOCATION EQUIV STATUS 1ST OFFENSE,2026-07-26T09:38:00,2026-07-26T09:38:00,"W CALL ST , FL",Cleared by Citation,30.4466358,-84.3061946
2026-07240061,FSUPD,GRAND THEFT $750 LESS THAN $5K,2026-07-24T12:30:00,2026-07-24T14:13:00,"111 N WOODWARD AVE , TALLAHASSEE, FL 32306",Victim Refused to Cooperate,30.4442304,-84.3005411
2026-07230061,FSUPD,DRIVER INVOLVED IN CRASH - FAILURE TO REPORT CRASH,2026-07-23T07:30:00,2026-07-23T15:09:00,"118 VARSITY WAY , TALLAHASSEE, FL 32306",Inactive,30.4419465,-84.3018533
2026-07220087,FSUPD,Other- PETIT THEFT 1ST DEG $100 LESS THAN $750,2026-07-22T13:00:00,2026-07-22T15:20:00,"75 N WOODWARD AVE , TALLAHASSEE, FL 32306",Open/Pending,30.4445043,-84.2971629
2026-07220066,FSUPD,OPERATE MOTOR VEHICLE WO VALID LICENSE 1ST CONV,2026-07-22T11:54:00,2026-07-22T11:54:00,"1610 W TENNESSEE ST , TALLAHASSEE, FL 32304",Cleared by Arrest,30.4494482,-84.3081537
2026-07180113,FSUPD,OPERATE MOTOR VEHICLE WO VALID LICENSE 1ST CONV,2026-07-18T14:49:00,2026-07-18T14:50:00,"296 CHAMPIONS WAY , TALLAHASSEE, FL 32306",Cleared by Citation,30.4367617,-84.3053119
2026-07190001,FSUPD,CRIMINAL MISCHIEF $201 - $999- 1ST OFFENSE,2026-07-18T11:30:00,2026-07-18T23:59:00,"800 Block of W PENSACOLA ST , TALLAHASSEE, FL 32304",Open/Pending,,
2026-07180020,FSUPD,UNLAWFUL SPEED MUNICIPAL RD,2026-07-18T07:26:00,2026-07-18T07:26:00,"1410 W TENNESSEE ST , Tallahassee, FL 32304",Cleared by Citation,30.4494551,-84.3052706
2026-07170063,FSUPD,CRIMINAL MISCHIEF $201 - $999- 1ST OFFENSE,2026-07-17T11:43:00,2026-07-17T11:43:00,"447 W COLLEGE AVE , TALLAHASSEE, FL 32301",Open/Pending,30.4404671,-84.287703
2026-07170054,FSUPD,FAIL TO REGISTER MOTOR VEH,2026-07-17T10:28:00,2026-07-17T10:28:00,"672 W TENNESSEE ST , TALLAHASSEE, FL 32304",Cleared by Citation,30.4451336,-84.2936704
2026-07170053,FSUPD,DWLSR REVOCATION EQUIV STATUS 2ND OFF,2026-07-17T10:18:00,2026-07-17T10:18:00,"W TENNESSEE ST/DEWEY ST , Tallahassee, FL 32304",Cleared by Citation,,
2026-07160043,FSUPD,EXHIBIT FIREARM DESTR DEVIC WPN ON SCH PROP OR W/IN 1000 FT,2026-07-16T09:18:00,2026-07-16T09:18:00,"625 UNIVERSITY WAY , TALLAHASSEE, FL 32306",Cleared by Arrest,30.4399265,-84.2912651
2026-07160077,FSUPD,Petit theft Property value $100 but less than $750,2026-07-16T06:06:00,2026-07-16T20:11:00,"116 HONORS WAY , TALLAHASSEE, FL 32306",Open/Pending,30.4431683,-84.2950093
2026-07150085,FSUPD,BATTERY- TOUCH OR STRIKE ANOTHER,2026-07-15T18:29:00,2026-07-15T18:29:00,"824 W JEFFERSON ST, TALLAHASSEE, FL 32306",Open/Pending,30.4400453,-84.2968221
2026-07140068,FSUPD,DWLSR REVOCATION EQUIV STATUS 2ND OFF,2026-07-14T15:17:00,2026-07-14T15:18:00,"802 LAKE BRADFORD RD , TALLAHASSEE, FL 32304",Cleared by Citation,30.4354447,-84.3018405
2026-07140036,FSUPD,DWLSR REVOCATION EQUIV STATUS 2ND OFF,2026-07-14T09:06:00,2026-07-14T09:06:00,"1704 W CALL ST , TALLAHASSEE, FL 32304",Cleared by Arrest,30.4488884,-84.3130014
2026-07280121,FSUPD,GRAND THEFT $750 LESS THAN $5K,2026-07-13T15:35:00,2026-07-28T15:38:00,"824 W JEFFERSON ST , TALLAHASSEE, FL 32306",Open/Pending,30.4400453,-84.2968221
2026-07140073,FSUPD,Burglary- PETIT THEFT 1ST DEG $100 LESS THAN $750,2026-07-13T13:00:00,2026-07-14T16:30:00,"938 W JEFFERSON ST , TALLAHASSEE, FL 32304",Inactive,30.4396925,-84.2987736
2026-08140098,FSUPD,grand theft of the third degree and a felony of the third degree,2026-07-13T12:00:00,2026-08-14T11:38:00,"1940 HERITAGE GROVE CIR 932-c, Tallahassee, FL 32304",Victim Refused to Cooperate,,
2026-07130066,FSUPD,UNLAWFUL SPEED MUNICIPAL RD,2026-07-13T11:01:00,2026-07-13T11:01:00,STARBUCKS TENNESSEE ST,Cleared by Citation,30.4487219,-84.3096581
2026-07130009,FSUPD,TRESPASS OF STRUCTURE OR CONVEYANCE,2026-07-13T01:12:00,2026-07-13T01:12:00,"505 W PENSACOLA ST , TALLAHASSEE, FL 32301",Cleared by Arrest,30.4377748,-84.2866345
2026-07200019,FSUPD,FRAUD USE FELONY OF CC MORE THAN 2 TIMES W/IN 6 MOS OR FOR $100 OR MORE,2026-07-09T09:18:00,2026-07-20T09:17:00,"830 W JEFFERSON ST , TALLAHASSEE, FL 32306",Victim Refused to Cooperate,30.4401802,-84.2976478
2026-07080110,FSUPD,Petit theft Property value $100 but less than $750,2026-07-08T14:43:00,2026-07-08T18:55:00,"821 ACADEMIC WAY , TALLAHASSEE, FL 32306",Open/Pending,30.44421,-84.295514
2026-07080081,FSUPD,OPERATE MOTOR VEHICLE WO VALID LICENSE 1ST CONV,2026-07-08T13:08:00,2026-07-08T13:09:00,"608 W TENNESSEE ST , TALLAHASSEE, FL 32304",Cleared by Citation,30.4447708,-84.291291
2026-07080068,FSUPD,DWLSR - UNKNOWINGLY,2026-07-08T11:30:00,2026-07-08T11:30:00,"WADSWORTH ST/W TENNESSEE ST , FL",Cleared by Citation,30.4487949,-84.3046887
2026-07080068,FSUPD,UNLAWFUL SPEED MUNICIPAL RD,2026-07-08T11:30:00,2026-07-08T11:30:00,"WADSWORTH ST/W TENNESSEE ST , FL",Cleared by Citation,30.4487949,-84.3046887
2026-07080031,FSUPD,ATTACH REGISTRATION LICENSE PLATE NOT ASSIGNED,2026-07-08T07:16:00,2026-07-08T07:16:00,"813 N LAKE BRADFORD RD , Tallahassee, FL 32304",Cleared by Citation,30.4331296,-84.301764
2026-07070070,FSUPD,DUI,2026-07-07T13:33:00,2026-07-07T13:33:00,"VARSITY DR/W PENSACOLA ST , FL",Cleared by Arrest,30.4388452,-84.3000895
2026-07070070,FSUPD,DWLS W/KNOWLEDGE FIN NOTICE,2026-07-07T13:33:00,2026-07-07T13:33:00,"VARSITY DR/W PENSACOLA ST , FL",Cleared by Arrest,30.4388452,-84.3000895
2026-07070070,FSUPD,POSSESSION OF CONTROLLED SUBSTANCE W/O PRESCRIPTION,2026-07-07T13:33:00,2026-07-07T13:33:00,"VARSITY DR/W PENSACOLA ST , FL",Cleared by Arrest,30.4388452,-84.3000895
2026-07080084,FSUPD,CRIMINAL MISCHIEF $200 OR LESS- 1ST OFFENSE,2026-07-07T11:00:00,2026-07-08T13:06:00,"319 STADIUM DR , Tallahassee, FL 32306",Inactive,30.444491,-84.3058508
2026-07070050,FSUPD,FAIL TO DISP DL UPON DEMAND,2026-07-07T10:05:00,2026-07-07T10:05:00,"1670 W TENNESSEE ST , TALLAHASSEE, FL 32304",Cleared by Arrest,30.4493345,-84.3095674
2026-07070050,FSUPD,RESISTING ARREST W/OUT VIOLENCE,2026-07-07T10:05:00,2026-07-07T10:05:00,"1670 W TENNESSEE ST , TALLAHASSEE, FL 32304",Cleared by Arrest,30.4493345,-84.3095674
2026-07070050,FSUPD,SPEED-DRIVING TOO SLOW,2026-07-07T10:05:00,2026-07-07T10:05:00,"1670 W TENNESSEE ST , TALLAHASSEE, FL 32304",Cleared by Arrest,30.4493345,-84.3095674
2026-07060134,FSUPD,Petit theft Property value $100 but less than $750,2026-07-06T18:00:00,2026-07-06T22:39:00,"1104 SPIRIT WAY , TALLAHASSEE, FL 32306",Inactive,30.442636,-84.3062126
2026-07060086,FSUPD,BATTERY- TOUCH OR STRIKE ANOTHER,2026-07-06T12:55:00,2026-07-06T13:12:00,"143 HONORS WAY , TALLAHASSEE, FL 32306",Open/Pending,30.441183,-84.2933518
2026-07050071,FSUPD,DRIV WHILE LIC SUSPEND REVOCATION EQUIV STATUS 1ST OFFENSE,2026-07-05T12:39:00,2026-07-05T12:39:00,"296 CHAMPIONS WAY , TALLAHASSEE, FL 32306",Cleared by Citation,30.4367617,-84.3053119
2026-00004709,FSUPD,BURLARY OF OCCUP DWELLING WHILE UNARMED,2026-07-04T04:00:00,2026-07-04T08:38:00,"5000 N BAY DR , Panama City, FL 32405",Open/Pending,30.1887908,-85.7254129
2026-00004709,FSUPD,Loitering and Prowling,2026-07-04T04:00:00,2026-07-04T08:38:00,"5000 N BAY DR , Panama City, FL 32405",Open/Pending,30.1887908,-85.7254129
2026-07040007,FSUPD,OPERATE MOTORCYCLE W/O LICENSE,2026-07-04T01:10:00,2026-07-04T01:10:00,"444 W COLLEGE AVE 100, Tallahassee, FL 32301",Cleared by Arrest,,
2026-07030108,FSUPD,POSS DRIVER LIC/ID CARD W ALTERED DOB,2026-07-03T21:40:00,2026-07-03T21:40:00,"306 S DUVAL ST , Tallahassee, FL 32301",Cleared by Arrest,30.4397882,-84.283182
2026-07030108,FSUPD,POSSESSION OF ALCOHOL BY MINOR,2026-07-03T21:40:00,2026-07-03T21:40:00,"306 S DUVAL ST , Tallahassee, FL 32301",Cleared by Arrest,30.4397882,-84.283182
2026-00004585,FSUPD,NON SUPPORT OF CHILDREN OR SPOUSE,2026-07-02T23:20:00,2026-07-02T23:59:00,"CARL GRAY PARK 4600 COLLEGIATE DRIVE , PANAMA CITY, FL 32405",Cleared by Arrest,,
2026-07020111,FSUPD,GRAND THEFT $5K LESS THAN $10K,2026-07-02T22:45:00,2026-07-02T23:46:00,"516 W JEFFERSON ST , TALLAHASSEE, FL 32301",Open/Pending,30.4399398,-84.2891196
2026-07010097,FSUPD,Petit theft Property value $100 but less than $750,2026-07-01T08:00:00,2026-07-01T14:43:00,"403 STADIUM DR , TALLAHASSEE, FL 32306",Closed,30.4390185,-84.3063427
2026-06300127,FSUPD,FAILURE TO APPEAR OF DEFENDANT ON BAIL FOR MISDEMEANOR CHARGE,2026-06-30T14:20:00,2026-06-30T14:20:00,"N COPELAND ST/W CALL ST , TALLAHASSEE, FL",Cleared by Arrest,,
2026-06300127,FSUPD,OPERATE MOTOR VEHICLE W/O VALID LIC 3RD/SUBSQ,2026-06-30T14:20:00,2026-06-30T14:20:00,"N COPELAND ST/W CALL ST , TALLAHASSEE, FL",Cleared by Arrest,,
2026-06300127,FSUPD,UNLAWFUL SPEED,2026-06-30T14:20:00,2026-06-30T14:20:00,"N COPELAND ST/W CALL ST , TALLAHASSEE, FL",Cleared by Arrest,,
2026-06300117,FSUPD,"Theft - property stolen is valued at $100 or more, but less than $750",2026-06-30T07:15:00,2026-06-30T12:37:00,"403 STADIUM DR , TALLAHASSEE, FL 32306",Inactive,30.4390185,-84.3063427
2026-06300052,FSUPD,FALSE INFO TO LEO OF COMMISSION OF CRIME,2026-06-30T05:25:00,2026-06-30T05:25:00,"FSU CAMPUS , Tallahassee, FL",Open/Pending,,
2026-06290157,FSUPD,OPERATE MOTOR VEHICLE W/O VALID LIC 3RD/SUBSQ,2026-06-29T23:44:00,2026-06-29T23:44:00,"W GAINES ST/S WOODWARD AVE , TALLAHASSEE, FL 32304",Cleared by Citation,,
2026-06280021,FSUPD,TRESPASS OF OCCUP STRUCTURE OR CONVEYANCE,2026-06-28T02:43:00,2026-06-28T02:43:00,"714 UNIVERSITY WAY , TALLAHASSEE, FL 32306",Open/Pending,30.4406179,-84.2949849
2026-06270047,FSUPD,FAIL TO REGISTER MOTOR VEH,2026-06-27T09:24:00,2026-06-27T09:24:00,"W TENNESSEE ST/WHITE DR , FL",Cleared by Citation,,
2026-06270014,FSUPD,convicted of a vio of sub-1&who has a blood-alcohol level or breath-alcohol level of 0.15 or higher/ accomp by person under 18,2026-06-27T02:19:00,2026-06-27T02:19:00,"OCALA RD/CRABAPPLE DR , TALLAHASSEE, FL 32304",Cleared by Arrest,,
2026-06260088,FSUPD,GRAND THEFT OF MOTOR VEHICLE,2026-06-26T20:01:00,2026-06-26T20:01:00,"601 W GAINES ST , Tallahassee, FL 32304",Cleared by Arrest,30.435574,-84.2898379
2026-06240135,FSUPD,DWLS W/ KNOWLEDGE,2026-06-24T22:33:00,2026-06-24T22:33:00,"N MACOMB ST/W CALL ST , TALLAHASSEE, FL 32301",Cleared by Arrest,,
2026-07150067,FSUPD,BATTERY- TOUCH OR STRIKE ANOTHER,2026-06-24T18:15:00,2026-07-15T11:32:00,"1110 W CALL ST , TALLAHASSEE, FL 32306",Open/Pending,30.4443608,-84.2993762
2026-06250064,FSUPD,"Theft - property stolen is valued at $100 or more, but less than $750",2026-06-24T16:30:00,2026-06-25T13:16:00,"945 LEARNING WAY , TALLAHASSEE, FL 32306",Inactive,30.4413389,-84.3000725
2026-06220075,FSUPD,Other- PETIT THEFT 1ST DEG $100 LESS THAN $750,2026-06-22T13:23:00,2026-06-22T13:23:00,"824 W JEFFERSON ST , TALLAHASSEE, FL 32306",Inactive,30.4400453,-84.2968221
2026-06230094,FSUPD,Petit theft Property value $100 but less than $750,2026-06-21T12:00:00,2026-06-23T16:49:00,"119 HONORS WAY , TALLAHASSEE, FL 32306",Inactive,30.442567,-84.2940493
2026-06210052,FSUPD,TRESSPASS AFTER WARNING,2026-06-21T07:50:00,2026-06-21T07:50:00,"504 W CALL ST , Tallahassee, FL 32301",Cleared by Arrest,30.4436746,-84.2886957
2026-06250071,FSUPD,CRIMINAL MISCHIEF $1000 OR MORE,2026-06-19T17:00:00,2026-06-25T15:07:00,"1235 AIRPORT RD , FL",Open/Pending,30.4830002,-81.6504493
2026-06230096,FSUPD,Other- PETIT THEFT 1ST DEG $100 LESS THAN $750,2026-06-19T07:00:00,2026-06-23T17:08:00,"1147 ACADEMIC WAY , TALLAHASSEE, FL 32306",Inactive,30.447524,-84.3029516
2026-06180042,FSUPD,BURGLARY OF UNOCCUP DWELLING WHILE UNARMED,2026-06-18T05:30:00,2026-06-18T05:56:00,"1000 Block of W. TENNESSEE ST , Tallahassee, FL 32306",Open/Pending,,
2026-06180042,FSUPD,TRESPASSING,2026-06-18T05:30:00,2026-06-18T05:56:00,"1000 Block of W. TENNESSEE ST , Tallahassee, FL 32306",Open/Pending,,
2026-06170118,FSUPD,BATTERY- TOUCH OR STRIKE ANOTHER,2026-06-17T23:13:00,2026-06-17T23:15:00,"1520 JACKSON BLUFF RD , TALLAHASSEE, FL 32304",Cleared by Arrest,30.4349135,-84.307148
2026-06170118,FSUPD,BURGLARY W/ ASSAULT OR BATTERY,2026-06-17T23:13:00,2026-06-17T23:15:00,"1520 JACKSON BLUFF RD , TALLAHASSEE, FL 32304",Cleared by Arrest,30.4349135,-84.307148
2026-06170118,FSUPD,CRIMINAL MISCHIEF $201 - $999- 1ST OFFENSE,2026-06-17T23:13:00,2026-06-17T23:15:00,"1520 JACKSON BLUFF RD , TALLAHASSEE, FL 32304",Cleared by Arrest,30.4349135,-84.307148
2026-06180052,FSUPD,Petit theft Property value $100 but less than $750,2026-06-17T12:00:00,2026-06-18T08:53:00,"830 W JEFFERSON ST , Tallahassee, FL 32306",Open/Pending,30.4401802,-84.2976478
2026-06160056,FSUPD,CARELESS DRIVING,2026-06-16T08:58:00,2026-06-16T08:58:00,"104 N WOODWARD AVE 1, TALLAHASSEE, FL 32306",Cleared by Citation,,
2026-06150119,FSUPD,TRESPASSING,2026-06-15T22:42:00,2026-06-15T22:42:00,"114 N COPELAND ST , Tallahassee, FL 32306",Cleared by Arrest,30.4422851,-84.2915194
2026-06170098,FSUPD,Petit theft Property value $100 but less than $750,2026-06-14T15:00:00,2026-06-17T20:54:00,"824 W JEFFERSON ST , TALLAHASSEE, FL 32306",Inactive,30.4400453,-84.2968221
2026-06140049,FSUPD,OPERATE MOTOR VEHICLE WO VALID LICENSE 1ST CONV,2026-06-14T09:59:00,2026-06-14T09:59:00,"N MACOMB ST/W TENNESSEE ST , TALLAHASSEE, FL 32301",Cleared by Citation,30.4448142,-84.2881188
2026-06140024,FSUPD,DUI - BAC .15 OR HIGHER OR HAS PASSENGER UND 18 YOA,2026-06-14T03:11:00,2026-06-14T03:11:00,"DEWEY ST/W TENNESSEE ST , TALLAHASSEE, FL",Cleared by Arrest,30.4445833,-84.2941759
2026-06130110,FSUPD,DWLSR REVOCATION EQUIV STATUS 2ND OFF,2026-06-13T21:56:00,2026-06-13T21:56:00,"304 E TENNESSEE ST , Tallahassee, FL 32301",Cleared by Citation,30.445107,-84.2792416
2026-06130074,FSUPD,DWLSR - UNKNOWINGLY,2026-06-13T14:17:00,2026-06-13T14:17:00,"506 W PENSACOLA ST , TALLAHASSEE, FL 32301",Cleared by Citation,30.439012,-84.2896842
2026-06130029,FSUPD,DUI 3RD VIOLAITON W/IN 10 YRS,2026-06-13T03:47:00,2026-06-13T03:47:00,"312 STADIUM DR , TALLAHASSEE, FL",Cleared by Arrest,30.4449135,-84.3075681
2026-06130029,FSUPD,REFUSE BREATH TEST,2026-06-13T03:47:00,2026-06-13T03:47:00,"312 STADIUM DR , TALLAHASSEE, FL",Cleared by Arrest,30.4449135,-84.3075681
2026-06130016,FSUPD,DUI,2026-06-13T01:42:00,2026-06-13T01:42:00,"530 W GAINES ST , TALLAHASSEE, FL 32301",Cleared by Arrest,30.435574,-84.2888549
2026-06130016,FSUPD,DWLSR REVOCATION EQUIV STATUS 3RD SUB VIOL,2026-06-13T01:42:00,2026-06-13T01:42:00,"530 W GAINES ST , TALLAHASSEE, FL 32301",Cleared by Arrest,30.435574,-84.2888549
2026-06130016,FSUPD,REFUSE BREATH TEST,2026-06-13T01:42:00,2026-06-13T01:42:00,"530 W GAINES ST , TALLAHASSEE, FL 32301",Cleared by Arrest,30.435574,-84.2888549
2026-06130016,FSUPD,TAMPERING WITH EVIDENCE,2026-06-13T01:42:00,2026-06-13T01:42:00,"530 W GAINES ST , TALLAHASSEE, FL 32301",Cleared by Arrest,30.435574,-84.2888549
2026-06130016,FSUPD,USE OR POSSESS DRUG PARAPHERNALIA,2026-06-13T01:42:00,2026-06-13T01:42:00,"530 W GAINES ST , TALLAHASSEE, FL 32301",Cleared by Arrest,30.435574,-84.2888549
2026-06130010,FSUPD,DRIV WHILE LIC SUSPEND REVOCATION EQUIV STATUS 1ST OFFENSE,2026-06-13T00:34:00,2026-06-13T00:34:00,"HENDRY ST/STADIUM DR , TALLAHASSEE, FL",Cleared by Citation,30.43621,-84.3058181
2026-06110111,FSUPD,DWLS W/ KNOWLEDGE,2026-06-11T20:23:00,2026-06-11T20:23:00,"699 W GAINES ST , Tallahassee, FL 32304",Cleared by Citation,30.4349283,-84.2931731
2026-06100084,FSUPD,IMPROPER LANE CHANGE - SAME DIRECTION OF TRAVEL,2026-06-10T16:40:00,2026-06-10T16:48:00,"W TENNESSEE ST/W BREVARD ST , Tallahassee, FL",Cleared by Citation,,
2026-06090144,FSUPD,DWLS W/ KNOWLEDGE,2026-06-09T22:48:00,2026-06-09T22:48:00,"1720 LAKE BRADFORD RD , TALLAHASSEE, FL 32310",Cleared by Arrest,,
2026-06090094,FSUPD,POSSESS FIREARM ON SCHOOL PROPERTY,2026-06-09T13:59:00,2026-06-09T13:59:00,"389 STADIUM DR , Tallahassee, FL 32306",Cleared by Arrest,30.4410416,-84.3053423
2026-06090094,FSUPD,Petit theft Property value $100 but less than $750,2026-06-09T13:59:00,2026-06-09T13:59:00,"389 STADIUM DR , Tallahassee, FL 32306",Cleared by Arrest,30.4410416,-84.3053423
2026-06090094,FSUPD,RESISTING ARREST W/OUT VIOLENCE,2026-06-09T13:59:00,2026-06-09T13:59:00,"389 STADIUM DR , Tallahassee, FL 32306",Cleared by Arrest,30.4410416,-84.3053423
2026-06090090,FSUPD,DRIV WHILE LIC SUSPEND REVOCATION EQUIV STATUS 1ST OFFENSE,2026-06-09T13:27:00,2026-06-09T13:27:00,"1030 W TENNESSEE ST , Tallahassee, FL 32306",Cleared by Citation,30.4470988,-84.2998338
2026-06090090,FSUPD,UNLAWFUL SPEED MUNICIPAL RD,2026-06-09T13:27:00,2026-06-09T13:27:00,"1030 W TENNESSEE ST , Tallahassee, FL 32306",Cleared by Citation,30.4470988,-84.2998338
2026-06080065,FSUPD,CRASH LEAVE THE SCENE W/O GIVING INFORMAITON MORE THAN $50 DAMAGE,2026-06-08T17:20:00,2026-06-08T18:03:00,"296 CHAMPIONS WAY , TALLAHASSEE, FL 32306",Open/Pending,30.4367617,-84.3053119
2026-06060097,FSUPD,POSSESSION OF NOT MORE THAN 20 GRAMS OF CANNABIS,2026-06-06T22:05:00,2026-06-06T22:05:00,"500 W COLLEGE AVE , TALLAHASSEE, FL 32301",Cleared by Arrest,30.44081,-84.28858
2026-06060072,FSUPD,DRIV WHILE LIC SUSPEND REVOCATION EQUIV STATUS 1ST OFFENSE,2026-06-06T14:46:00,2026-06-06T14:46:00,"STADIUM DR/W CALL ST , TALLAHASSEE, FL 32304",Cleared by Citation,,
2026-06060072,FSUPD,UNLAWFUL SPEED,2026-06-06T14:46:00,2026-06-06T14:46:00,"STADIUM DR/W CALL ST , TALLAHASSEE, FL 32304",Cleared by Citation,,
2026-06060041,FSUPD,TRESPASS FAIL TO LEAVE PROP ON ORDER OF OWNER,2026-06-06T09:14:00,2026-06-06T09:14:00,"505 W PENSACOLA ST , TALLAHASSEE, FL 32301",Cleared by Arrest,30.4377748,-84.2866345
2026-06070060,FSUPD,Petit theft Property value $100 but less than $750,2026-06-06T00:19:00,2026-06-07T13:13:00,"118 VARSITY WAY , TALLAHASSEE, FL 32306",Open/Pending,30.4419465,-84.3018533
2026-08150103,FSUPD,Other- PETIT THEFT 1ST DEG $100 LESS THAN $750,2026-05-26T07:00:00,2026-08-15T14:30:00,"923 LEARNING WAY , TALLAHASSEE, FL 32304",Inactive,30.4402325,-84.2995708
2026-07200031,FSUPD,GRAND THEFT $10K LESS THAN $20K,2025-12-01T08:00:00,2026-07-20T11:13:00,"502 S COPELAND ST , TALLAHASSEE, FL 32304",Open/Pending,30.4378868,-84.2911367
2026-08140112,FSUPD,STALKING- FOLLOW HARASS CYBERSTALK ANOTHER,2025-08-12T12:00:00,2026-08-14T12:40:00,"830 W JEFFERSON ST , TALLAHASSEE, FL 32306",Open/Pending,30.4401802,-84.2976478
2026-07270070,FSUPD,Petit theft Property value $100 but less than $750,2025-07-01T07:00:00,2026-07-27T12:32:00,"169 HERLONG DR , TALLAHASSEE, FL 32310",Open/Pending,30.4208594,-84.3103979
2025-03050012,FSUPD,"DUI -under the influence of alcohol, chemical substance or controlled substance-person’s normal faculties are impaired.",2025-03-05T02:22:00,2025-03-05T02:22:00,"905 W GAINES ST , TALLAHASSEE, FL 32304",Cleared by Arrest,30.435101,-84.2986034
2025-03020027,FSUPD,BATTERY- TOUCH OR STRIKE ANOTHER,2025-03-02T02:45:00,2025-03-02T02:58:00,"126 CONVOCATION WAY , TALLAHASSEE, FL 32306",Open/Pending,30.4421591,-84.2929902
2025-03010082,FSUPD,POSS DRIVER LIC/ID CARD W ALTERED DOB,2025-03-01T16:11:00,2025-03-01T16:11:00,"W PENSACOLA ST, Tallahassee, FL 32306",Cleared by Arrest,30.4405982,-84.3171624
2025-03010082,FSUPD,POSSESSION OF ALCOHOL BY MINOR,2025-03-01T16:11:00,2025-03-01T16:11:00,"W PENSACOLA ST, Tallahassee, FL 32306",Cleared by Arrest,30.4405982,-84.3171624
2025-03010107,FSUPD,GRAND THEFT $750 LESS THAN $5K,2025-03-01T02:00:00,2025-03-01T21:19:00,"202 VARSITY DR , TALLAHASSEE, FL 32306",Inactive,30.4406253,-84.3001788
2025-03010005,FSUPD,CRIMINAL MISCHIEF $200 OR LESS- 1ST OFFENSE,2025-02-28T22:25:00,2025-03-01T00:36:00,"641 UNIVERSITY WAY , TALLAHASSEE, FL 32306",Inactive,30.4400799,-84.2925254
2025-02280073,FSUPD,LEAVE SCENE OF CRASH INVOLVE DAMAGE TO PROP,2025-02-28T10:12:00,2025-02-28T14:01:00,"104 N WOODWARD AVE, TALLAHASSEE, FL 32306",Cleared by Arrest,30.444642,-84.2988275
2025-02270118,FSUPD,DUI BLOOD ALCOHOL 0.08 OR MORE PER 100 ML,2025-02-27T23:00:00,2025-02-27T23:03:00,"PARK AVE W/S COPELAND ST , TALLAHASSEE, FL 32301",Cleared by Arrest,30.4394003,-84.2907969
2025-02260058,FSUPD,CRIMINAL MISCHIEF- INJURE/ DESTROY/ REMOVE FIREFIGHTING EQUIP,2025-02-26T02:30:00,2025-02-26T11:13:00,"202 VARSITY DR , TALLAHASSEE, FL 32306",Open/Pending,30.4406253,-84.3001788
2025-02260053,FSUPD,POSSESSION OF CONTROLLED SUBSTANCE W/O PRESCRIPTION,2025-02-25T22:00:00,2025-02-26T10:15:00,"116 HONORS WAY , TALLAHASSEE, FL 32306",Open/Pending,30.4431683,-84.2950093
2025-02250078,FSUPD,OPERATE MOTORCYCLE WO LICENSE,2025-02-25T13:00:00,2025-02-25T13:00:00,"411 STADIUM DR , TALLAHASSEE, FL 32306",Cleared by Arrest,30.438076,-84.3046449
2025-02250072,FSUPD,AGGRAVATED STALKING- FOLLOW HARASS CYBERSTALK MAKE CRED THREAT TO ANOTHER PERSON,2025-02-25T11:27:00,2025-02-25T11:54:00,"75 N WOODWARD AVE , TALLAHASSEE, FL 32306",Open/Pending,30.4445043,-84.2971629
2025-02250063,FSUPD,TRESPASS OF PROPERTY NOT STRUCTURE OR CONVEY,2025-02-25T09:51:00,2025-02-25T09:51:00,"1147 ACADEMIC WAY , TALLAHASSEE, FL 32306",Cleared by Arrest,30.447524,-84.3029516
2025-02250063,FSUPD,USE OR POSSESS DRUG PARAPHERNALIA,2025-02-25T09:51:00,2025-02-25T09:51:00,"1147 ACADEMIC WAY , TALLAHASSEE, FL 32306",Cleared by Arrest,30.447524,-84.3029516
2025-02250063,FSUPD,VIOL INJUNCTION OF PROTECTION DOMESTIC VIOLENCE,2025-02-25T09:51:00,2025-02-25T09:51:00,"1147 ACADEMIC WAY , TALLAHASSEE, FL 32306",Cleared by Arrest,30.447524,-84.3029516
2025-02250063,FSUPD,VIOL PRE TRIAL RELEASE COND FOR DOMEST VIOL,2025-02-25T09:51:00,2025-02-25T09:51:00,"1147 ACADEMIC WAY , TALLAHASSEE, FL 32306",Cleared by Arrest,30.447524,-84.3029516
2025-02240070,FSUPD,CARELESS DRIVING,2025-02-24T14:53:00,2025-02-24T14:53:00,"W TENNESSEE ST 1000, Tallahassee, FL 32304",Cleared by Citation,30.4479857,-84.2998708
2025-02240064,FSUPD,DRIV WHILE LIC SUSPEND REVOCATION EQUIV STATUS 1ST OFFENSE,2025-02-24T14:10:00,2025-02-24T14:10:00,"ATKINSON DR , Tallahassee, FL 32304",Cleared by Arrest,30.4397696,-84.3111991
2025-02240042,FSUPD,DWLS W/ KNOWLEDGE,2025-02-24T10:11:00,2025-02-24T10:11:00,"OCALA RD/HERITAGE GROVE CIR , TALLAHASSEE, FL 32304",Cleared by Arrest,30.4453736,-84.31708
2025-02230083,FSUPD,BATTERY- TOUCH OR STRIKE ANOTHER,2025-02-22T18:05:00,2025-02-23T23:07:00,"503 PARK AVE E , TALLAHASSEE, FL 32301",Open/Pending,30.4414427,-84.2888171
2025-02220055,FSUPD,FAIL TO YIELD SIDEWALK FROM ALLEY/DRIVEWAY TO VEH,2025-02-22T14:40:00,2025-02-22T14:40:00,"LORENE ST/W JEFFERSON ST , TALLAHASSEE, FL 32304",Cleared by Citation,30.439612,-84.2961402
2025-02210131,FSUPD,LEO may arrest a person w/o a warrant when a warrant for the arrest has been issued and is held by another LEO,2025-02-21T21:25:00,2025-02-21T21:25:00,"200 S DUVAL ST , TALLAHASSEE, FL 32301",Cleared by Arrest,30.4403557,-84.2834003
2025-02210096,FSUPD,LEAVE SCENE OF CRASH INVOLVE DAMAGE TO PROP,2025-02-21T15:07:00,2025-02-21T15:07:00,"140 CHIEFTAN WAY , TALLAHASSEE, FL 32306",Victim Refused to Cooperate,30.4421696,-84.3027151
2025-02210095,FSUPD,ACCIDENT UNATTENDED VEH OR PROP WO LEAVING ID,2025-02-21T15:00:00,2025-02-21T15:05:00,"104 N WOODWARD AVE, TALLAHASSEE, FL 32306",Closed,30.444642,-84.2988275
2025-02200095,FSUPD,BATTERY- TOUCH OR STRIKE ANOTHER,2025-02-20T16:00:00,2025-02-20T16:26:00,"119 HONORS WAY , TALLAHASSEE, FL 32306",Cleared by Arrest,30.442567,-84.2940493
2025-02200095,FSUPD,TAMPERING IN MISDEMEANOR PROCEEDING,2025-02-20T16:00:00,2025-02-20T16:26:00,"119 HONORS WAY , TALLAHASSEE, FL 32306",Cleared by Arrest,30.442567,-84.2940493
2025-02200092,FSUPD,FAIL TO REGISTER MOTOR VEH,2025-02-20T15:35:00,2025-02-20T15:35:00,"JACKSON BLUFF RD , TALLAHASSEE, FL 32304",Cleared by Arrest,30.4343497,-84.3377865
2025-02200084,FSUPD,FAILURE TO APPEAR OF DEFENDANT ON BAIL FOR MISDEMEANOR CHARGE,2025-02-20T13:05:00,2025-02-20T13:07:00,STOZIER LIBRARY,Cleared by Arrest,30.4430141,-84.2949902
2025-02200084,FSUPD,LEO may arrest a person w/o a warrant when a warrant for the arrest has been issued and is held by another LEO,2025-02-20T13:05:00,2025-02-20T13:07:00,STOZIER LIBRARY,Cleared by Arrest,30.4430141,-84.2949902
2025-02170077,FSUPD,PETIT THEFT 2ND DEG,2025-02-17T10:19:00,2025-02-17T15:25:00,"530 W CALL ST , TALLAHASSEE, FL 32301",Open/Pending,30.4437501,-84.2901911
2025-02170057,FSUPD,AFFRAY,2025-02-17T09:00:00,2025-02-17T09:15:00,"1106 W CALL ST , TALLAHASSEE, FL 32306",Cleared by Arrest,30.445961,-84.303475
2025-02170057,FSUPD,BATTERY- TOUCH OR STRIKE ANOTHER,2025-02-17T09:00:00,2025-02-17T09:15:00,"1106 W CALL ST , TALLAHASSEE, FL 32306",Cleared by Arrest,30.445961,-84.303475
2025-02170057,FSUPD,POSSESS DISPLAY FORGED COUNTERFEIT DRIVERS LICENSE OR ID CARD,2025-02-17T09:00:00,2025-02-17T09:15:00,"1106 W CALL ST , TALLAHASSEE, FL 32306",Cleared by Arrest,30.445961,-84.303475
2025-02170057,FSUPD,STALKING- FOLLOW HARASS CYBERSTALK ANOTHER,2025-02-17T09:00:00,2025-02-17T09:15:00,"1106 W CALL ST , TALLAHASSEE, FL 32306",Cleared by Arrest,30.445961,-84.303475
2025-02160074,FSUPD,TRESPASS FAIL TO LEAVE PROP ON ORDER OF OWNER,2025-02-16T14:32:00,2025-02-16T14:32:00,"504 W CALL ST , TALLAHASSEE, FL 32301",Cleared by Arrest,30.4437193,-84.2890334
2025-02170059,FSUPD,Petit theft Property value $100 but less than $750,2025-02-15T23:20:00,2025-02-17T10:35:00,"874 TRADITIONS WAY , TALLAHASSEE, FL 32306",Open/Pending,30.4418129,-84.2972417
2025-02180040,FSUPD,GRAND THEFT $750 LESS THAN $5K,2025-02-15T17:00:00,2025-02-18T11:05:00,"114 N COPELAND ST, TALLAHASSEE, FL 32306",Open/Pending,30.4422766,-84.2914494
2025-02180040,FSUPD,PETIT THEFT 2ND DEG,2025-02-15T17:00:00,2025-02-18T11:05:00,"114 N COPELAND ST, TALLAHASSEE, FL 32306",Open/Pending,30.4422766,-84.2914494
2025-02150086,FSUPD,PETIT THEFT 2ND DEG,2025-02-15T15:54:00,2025-02-15T15:54:00,"STADIUM DR/HENDRY ST , TALLAHASSEE, FL 32306",Cleared by Arrest,30.436203,-84.305851
2025-02150086,FSUPD,POSS DRIVER LIC/ID CARD W ALTERED DOB,2025-02-15T15:54:00,2025-02-15T15:54:00,"STADIUM DR/HENDRY ST , TALLAHASSEE, FL 32306",Cleared by Arrest,30.436203,-84.305851
2025-02150086,FSUPD,POSSESSION OF CONTROLLED SUBSTANCE W/O PRESCRIPTION,2025-02-15T15:54:00,2025-02-15T15:54:00,"STADIUM DR/HENDRY ST , TALLAHASSEE, FL 32306",Cleared by Arrest,30.436203,-84.305851
2025-02150084,FSUPD,OPERATE MOTOR VEHICLE W/O VALID LIC 2ND CONV,2025-02-15T15:29:00,2025-02-15T15:29:00,"707 W GAINES ST , TALLAHASSEE, FL 32304",Cleared by Arrest,30.4345347,-84.293981
2025-02140081,FSUPD,DWLSR - UNKNOWINGLY,2025-02-14T15:27:00,2025-02-14T15:27:00,"ST AUGUSTINE ST/VARSITY DR , TALLAHASSEE, FL",Cleared by Citation,30.4375988,-84.3007653
2025-02140128,FSUPD,PETIT THEFT 2ND DEG,2025-02-14T15:00:00,2025-02-14T21:03:00,"1122 SPIRIT WAY , TALLAHASSEE, FL 32306",Victim Refused to Cooperate,30.4434126,-84.3052002
2025-02210056,FSUPD,CARELESS DRIVING,2025-02-14T07:26:00,2025-02-21T07:26:00,"821 ACADEMIC WAY , TALLAHASSEE, FL 32306",Cleared by Arrest,30.44421,-84.295514
2025-02210056,FSUPD,"DUI -under the influence of alcohol, chemical substance or controlled substance-person’s normal faculties are impaired.",2025-02-14T07:26:00,2025-02-21T07:26:00,"821 ACADEMIC WAY , TALLAHASSEE, FL 32306",Cleared by Arrest,30.44421,-84.295514
2025-02140013,FSUPD,BATTERY- TOUCH OR STRIKE ANOTHER,2025-02-14T01:59:00,2025-02-14T01:59:00,"447 W COLLEGE AVE , TALLAHASSEE, FL 32301",Open/Pending,30.4404671,-84.287703
2025-02140060,FSUPD,Petit theft Property value $100 but less than $750,2025-02-13T12:00:00,2025-02-14T11:50:00,"119 HONORS WAY , TALLAHASSEE, FL 32306",Open/Pending,30.442567,-84.2940493
2025-02180095,FSUPD,Petit theft Property value $100 but less than $750,2025-02-11T21:30:00,2025-02-18T21:39:00,"802 UNIVERSITY WAY , TALLAHASSEE, FL 32306",Open/Pending,30.4404121,-84.2961709
2025-02110093,FSUPD,PETIT THEFT 2ND DEG,2025-02-11T15:20:00,2025-02-11T18:13:00,"319 STADIUM DR , TALLAHASSEE, FL 32306",Open/Pending,30.445599,-84.301849
2025-02110085,FSUPD,CRIMINAL MISCHIEF $200 OR LESS- 1ST OFFENSE,2025-02-11T14:22:00,2025-02-11T16:35:00,"1107 W CALL ST , TALLAHASSEE, FL 32306",Inactive,30.4454687,-84.303801
2025-02110085,FSUPD,Other- PETIT THEFT 1ST DEG $100 LESS THAN $750,2025-02-11T14:22:00,2025-02-11T16:35:00,"1107 W CALL ST , TALLAHASSEE, FL 32306",Inactive,30.4454687,-84.303801
2025-02110071,FSUPD,GRAND THEFT $750 LESS THAN $5K,2025-02-11T13:12:00,2025-02-11T13:12:00,"960 LEARNING WAY , TALLAHASSEE, FL 32306",Cleared by Arrest,30.4417475,-84.2990224
2025-02110090,FSUPD,CRIMINAL MISCHIEF $200 OR LESS- 1ST OFFENSE,2025-02-11T10:30:00,2025-02-11T17:47:00,"107 CHIEFTAN WAY , TALLAHASSEE, FL 32306",Inactive,30.4443846,-84.3018457
2025-02110090,FSUPD,"Theft - property stolen is valued at $100 or more, but less than $750",2025-02-11T10:30:00,2025-02-11T17:47:00,"107 CHIEFTAN WAY , TALLAHASSEE, FL 32306",Inactive,30.4443846,-84.3018457
2025-02110089,FSUPD,PETIT THEFT 2ND DEG,2025-02-11T10:00:00,2025-02-11T17:43:00,"117 N WOODWARD AVE , TALLAHASSEE, FL 32306",Open/Pending,30.44407469999999,-84.3000471
2025-02110042,FSUPD,TRESPASS FAIL TO LEAVE PROP ON ORDER OF OWNER,2025-02-11T08:15:00,2025-02-11T08:15:00,"232 HAYDEN RD, TALLAHASSEE, FL 32304",Cleared by Arrest,30.4386368,-84.30781
2025-02110027,FSUPD,GRAND THEFT $750 LESS THAN $5K,2025-02-10T23:00:00,2025-02-11T03:15:00,"117 N WOODWARD AVE , TALLAHASSEE, FL 32306",Open/Pending,30.44407469999999,-84.3000471
2025-02180064,FSUPD,PETIT THEFT 2ND DEG,2025-02-10T20:00:00,2025-02-18T17:01:00,"126 CONVOCATION WAY , TALLAHASSEE, FL 32306",Inactive,30.4421591,-84.2929902
2025-02110057,FSUPD,PETIT THEFT 2ND DEG,2025-02-10T20:00:00,2025-02-11T10:50:00,"118 VARSITY WAY , TALLAHASSEE, FL 32306",Inactive,30.4419465,-84.3018533
2025-02100103,FSUPD,Petit theft Property value $100 but less than $750,2025-02-10T17:10:00,2025-02-10T18:41:00,"98 VARSITY WAY , TALLAHASSEE, FL 32306",Inactive,30.4435701,-84.3002524
2025-02100042,FSUPD,DWLS W/ KNOWLEDGE,2025-02-10T09:33:00,2025-02-10T09:33:00,"435 N MACOMB ST , TALLAHASSEE, FL 32301",Open/Pending,30.4462591,-84.2881973
2025-02100045,FSUPD,Petit theft Property value $100 but less than $750,2025-02-10T09:08:00,2025-02-10T10:04:00,"989 LEARNING WAY , TALLAHASSEE, FL 32306",Open/Pending,30.443234,-84.2971145
2025-02100033,FSUPD,DWLS W/ KNOWLEDGE,2025-02-10T07:46:00,2025-02-10T07:47:00,"W CALL ST/CONRADI ST , TALLAHASSEE, FL 32304",Cleared by Arrest,30.4472639,-84.3081495
2025-02120054,FSUPD,CRASH LEAVE THE SCENE W/O GIVING INFORMAITON MORE THAN $50 DAMAGE,2025-02-09T12:00:00,2025-02-12T11:57:00,"803 W JEFFERSON ST , TALLAHASSEE, FL 32304",Inactive,30.439343,-84.296355
2025-02090016,FSUPD,DUI,2025-02-09T02:41:00,2025-02-09T02:41:00,"222 OCALA RD S , TALLAHASSEE, FL 32304",Cleared by Arrest,30.443617,-84.3182729
2025-02090016,FSUPD,DUI - BAC .15 OR HIGHER OR HAS PASSENGER UND 18 YOA,2025-02-09T02:41:00,2025-02-09T02:41:00,"222 OCALA RD S , TALLAHASSEE, FL 32304",Cleared by Arrest,30.443617,-84.3182729
2025-02090016,FSUPD,FAIL TO STOP/RED LIGHT,2025-02-09T02:41:00,2025-02-09T02:41:00,"222 OCALA RD S , TALLAHASSEE, FL 32304",Cleared by Arrest,30.443617,-84.3182729
2025-02100053,FSUPD,Other- PETIT THEFT 1ST DEG $100 LESS THAN $750,2025-02-08T22:30:00,2025-02-10T11:16:00,"1114 W CALL ST , TALLAHASSEE, FL 32306",Inactive,30.446832,-84.305197
2025-02100053,FSUPD,PETIT THEFT 2ND DEG,2025-02-08T22:30:00,2025-02-10T11:16:00,"1114 W CALL ST , TALLAHASSEE, FL 32306",Inactive,30.446832,-84.305197
2025-02080065,FSUPD,Petit theft Property value $100 but less than $750,2025-02-08T08:00:00,2025-02-08T14:57:00,"200 S WOODWARD AVE , TALLAHASSEE, FL 32304",Inactive,30.4403701,-84.2983987
2025-02070124,FSUPD,DWLS W/ KNOWLEDGE,2025-02-07T23:29:00,2025-02-07T23:29:00,"506 W PENSACOLA ST , TALLAHASSEE, FL 32301",Cleared by Arrest,30.439012,-84.2896842
2025-02080057,FSUPD,PETIT THEFT 2ND DEG,2025-02-07T02:00:00,2025-02-08T12:35:00,"923 LEARNING WAY , TALLAHASSEE, FL 32304",Victim Refused to Cooperate,30.4402325,-84.2995708
2025-02060138,FSUPD,POSS DRIVER LIC/ID CARD W ALTERED DOB,2025-02-06T22:55:00,2025-02-06T22:55:00,"200 S DUVAL ST , TALLAHASSEE, FL 32301",Cleared by Arrest,30.4403557,-84.2834003
2025-02060138,FSUPD,POSSESSION OF ALCOHOL BY MINOR,2025-02-06T22:55:00,2025-02-06T22:55:00,"200 S DUVAL ST , TALLAHASSEE, FL 32301",Cleared by Arrest,30.4403557,-84.2834003
2025-02060123,FSUPD,ASSAULT- THREAT TO DO VIOLENCE,2025-02-06T21:00:00,2025-02-06T21:03:00,"548 W PARK AVE , Tallahassee, FL 32301",Open/Pending,30.4420759,-84.2905327
2025-02060127,FSUPD,FRAUD USE FELONY OF CC MORE THAN 2 TIMES W/IN 6 MOS OR FOR $100 OR MORE,2025-02-06T19:00:00,2025-02-06T21:42:00,"1001 W ST AUGUSTINE ST , TALLAHASSEE, FL 32304",Open/Pending,30.4373648,-84.2994166
2025-02060109,FSUPD,Petit theft Property value $100 but less than $750,2025-02-06T16:20:00,2025-02-06T18:18:00,"1107 W CALL ST , TALLAHASSEE, FL 32306",Inactive,30.4454687,-84.303801
2025-02060082,FSUPD,Other- PETIT THEFT 1ST DEG $100 LESS THAN $750,2025-02-06T09:45:00,2025-02-06T13:40:00,"110 N WOODWARD AVE , TALLAHASSEE, FL 32306",Inactive,30.444967,-84.300189
2025-02060063,FSUPD,Petit theft Property value $100 but less than $750,2025-02-06T07:55:00,2025-02-06T09:36:00,"989 LEARNING WAY , TALLAHASSEE, FL 32306",Open/Pending,30.443234,-84.2971145
2025-02050068,FSUPD,DWLS W/ KNOWLEDGE,2025-02-05T14:35:00,2025-02-05T14:35:00,"LAKE BRADFORD RD/JACKSON BLUFF RD , TALLAHASSEE, FL 32304",Cleared by Arrest,30.434551,-84.302035
2025-02050056,FSUPD,Petit theft Property value $100 but less than $750,2025-02-05T12:37:00,2025-02-05T12:37:00,"75 N WOODWARD AVE , TALLAHASSEE, FL 32306",Inactive,30.4445043,-84.2971629
2025-02050066,FSUPD,CARELESS DRIVING,2025-02-05T11:50:00,2025-02-05T14:11:00,"501 S COPELAND ST , TALLAHASSEE, FL 32301",Cleared by Citation,30.438087,-84.290159
2025-02050018,FSUPD,ACCIDENT UNATTENDED VEH OR PROP WO LEAVING ID,2025-02-05T03:20:00,2025-02-05T03:31:00,"1147 ACADEMIC WAY , TALLAHASSEE, FL 32306",Open/Pending,30.447524,-84.3029516
2025-02040057,FSUPD,Petit theft Property value $100 but less than $750,2025-02-04T17:51:00,2025-02-04T17:51:00,"641 UNIVERSITY WAY , TALLAHASSEE, FL 32306",Open/Pending,30.4400799,-84.2925254
2025-02040009,FSUPD,POSSESSION OF CONTROLLED SUBSTANCE W/O PRESCRIPTION,2025-02-04T01:48:00,2025-02-04T01:48:00,"2000 LEVY AVE , TALLAHASSEE, FL 32310",Cleared by Arrest,30.4237988,-84.3171283
2025-02040009,FSUPD,USE OR POSSESS DRUG PARAPHERNALIA,2025-02-04T01:48:00,2025-02-04T01:48:00,"2000 LEVY AVE , TALLAHASSEE, FL 32310",Cleared by Arrest,30.4237988,-84.3171283
2025-02040009,FSUPD,VIOLATION OF PROBATION,2025-02-04T01:48:00,2025-02-04T01:48:00,"2000 LEVY AVE , TALLAHASSEE, FL 32310",Cleared by Arrest,30.4237988,-84.3171283
2025-02040069,FSUPD,Other- PETIT THEFT 1ST DEG $100 LESS THAN $750,2025-02-03T20:30:00,2025-02-04T20:49:00,"1106 W CALL ST , TALLAHASSEE, FL 32306",Inactive,30.445961,-84.303475
2025-02040037,FSUPD,BURGLARY TO UNOCC CONVEY WHILE UNARMED,2025-02-03T18:00:00,2025-02-04T11:45:00,"1952 HERITAGE GROVE CIR , TALLAHASSEE, FL 32304",Open/Pending,30.4457266,-84.3161136
2025-02020113,FSUPD,CRIMINAL MISCHIEF $200 OR LESS- 1ST OFFENSE,2025-02-02T16:50:00,2025-02-02T20:55:00,"110 N WOODWARD AVE , TALLAHASSEE, FL 32306",Inactive,30.444967,-84.300189
2025-02020113,FSUPD,GRAND THEFT $750 LESS THAN $5K,2025-02-02T16:50:00,2025-02-02T20:55:00,"110 N WOODWARD AVE , TALLAHASSEE, FL 32306",Inactive,30.444967,-84.300189
2025-02020085,FSUPD,POSSESSION OF ALCOHOL BY MINOR,2025-02-02T16:20:00,2025-02-02T16:22:00,"LORENE ST/W ST AUGUSTINE ST , TALLAHASSEE, FL 32304",Cleared by Arrest,30.4374651,-84.2952672
2025-02020052,FSUPD,CRIMINAL MISCHIEF $201 - $999- 1ST OFFENSE,2025-02-02T08:00:00,2025-02-02T09:25:00,"143 HONORS WAY , TALLAHASSEE, FL 32306",Inactive,30.441183,-84.2933518
2025-02010167,FSUPD,POSS DRIVER LIC/ID CARD W ALTERED DOB,2025-02-01T23:04:00,2025-02-01T23:04:00,"W COLLEGE AVE/S DUVAL ST , TALLAHASSEE, FL 32301",Cleared by Arrest,30.4407434,-84.2830901
2025-02010167,FSUPD,POSSESSION OF ALCOHOL BY MINOR,2025-02-01T23:04:00,2025-02-01T23:04:00,"W COLLEGE AVE/S DUVAL ST , TALLAHASSEE, FL 32301",Cleared by Arrest,30.4407434,-84.2830901
2025-02010106,FSUPD,DWLS W/ KNOWLEDGE,2025-02-01T16:44:00,2025-02-01T16:44:00,"100 STADIUM DR , TALLAHASSEE, FL 32304",Cleared by Arrest,30.44814849999999,-84.30638
2025-02010093,FSUPD,OPERATE MOTOR VEHICLE W/O VALID LIC 3RD/SUBSQ,2025-02-01T14:42:00,2025-02-01T14:42:00,"STADIUM DR/HENDRY ST , TALLAHASSEE, FL 32306",Cleared by Arrest,30.436203,-84.305851
2025-02010021,FSUPD,RESISTING ARREST W/OUT VIOLENCE,2025-02-01T02:40:00,2025-02-01T02:41:00,"W COLLEGE AVE/S BRONOUGH ST , TALLAHASSEE, FL 32301",Cleared by Arrest,30.440731,-84.28434
2025-02010003,FSUPD,Other- PETIT THEFT 1ST DEG $100 LESS THAN $750,2025-01-31T15:40:00,2025-02-01T00:12:00,"113 COLLEGIATE LOOP , TALLAHASSEE, FL 32306",Inactive,30.442957,-84.295841
2025-01310044,FSUPD,GRAND THEFT $750 LESS THAN $5K,2025-01-31T13:00:00,2025-01-31T13:27:00,"500 CHAPEL DR , TALLAHASSEE, FL 32304",Cleared by Arrest,30.4471171,-84.3105445
2025-01310009,FSUPD,DUI,2025-01-31T02:09:00,2025-01-31T02:09:00,"1312 W TENNESSEE ST , TALLAHASSEE, FL 32304",Cleared by Arrest,30.4489415,-84.303765
2025-01310009,FSUPD,REFUSE BREATH TEST,2025-01-31T02:09:00,2025-01-31T02:09:00,"1312 W TENNESSEE ST , TALLAHASSEE, FL 32304",Cleared by Arrest,30.4489415,-84.303765
2025-01290074,FSUPD,NO PROOF OF INSURANCE,2025-01-29T16:20:00,2025-01-29T16:26:00,"288 CHAMPIONS WAY , TALLAHASSEE, FL 32306",Cleared by Citation,30.4374677,-84.3026837
2025-01290062,FSUPD,PETIT THEFT 2ND DEG,2025-01-29T12:25:00,2025-01-29T14:15:00,"75 N WOODWARD AVE , TALLAHASSEE, FL 32306",Open/Pending,30.4445043,-84.2971629
2025-01290006,FSUPD,POSSESSION OF NOT MORE THAN 20 GRAMS OF CANNABIS,2025-01-29T00:24:00,2025-01-29T00:24:00,"808 W TENNESSEE ST , TALLAHASSEE, FL 32306",Cleared by Arrest,30.445606,-84.294799
2025-01290006,FSUPD,TRESPASS OF PROPERTY NOT STRUCTURE OR CONVEY,2025-01-29T00:24:00,2025-01-29T00:24:00,"808 W TENNESSEE ST , TALLAHASSEE, FL 32306",Cleared by Arrest,30.445606,-84.294799
2025-01290032,FSUPD,BURGLARY TO UNOCC STRUCTURE WHILE UNARMED,2025-01-28T17:00:00,2025-01-29T08:15:00,"631 UNIVERSITY WAY , TALLAHASSEE, FL 32306",Open/Pending,30.4401787,-84.292056
2025-01290032,FSUPD,PETIT THEFT 2ND DEG,2025-01-28T17:00:00,2025-01-29T08:15:00,"631 UNIVERSITY WAY , TALLAHASSEE, FL 32306",Open/Pending,30.4401787,-84.292056
2025-01280071,FSUPD,DWLS W/ KNOWLEDGE,2025-01-28T09:36:00,2025-01-28T09:36:00,"DEWEY ST/ACADEMIC WAY , TALLAHASSEE, FL 32306",Cleared by Arrest,30.44439,-84.2939778
2025-01270062,FSUPD,A person who commits petit theft and who has previously been convicted two or more times of any theft commits a 3rd deg felony,2025-01-27T12:35:00,2025-01-27T12:47:00,"75 N WOODWARD AVE , TALLAHASSEE, FL 32306",Cleared by Arrest,30.4445043,-84.2971629
2025-01270042,FSUPD,DWLS W/ KNOWLEDGE,2025-01-27T10:00:00,2025-01-27T10:00:00,"CAMPUS CIR/W TENNESSEE ST , TALLAHASSEE, FL 32304",Cleared by Arrest,30.4491231,-84.3076828
2025-01270064,FSUPD,Petit theft Property value $100 but less than $750,2025-01-27T08:00:00,2025-01-27T13:20:00,"269 CHIEFTAN WAY , TALLAHASSEE, FL 32306",Inactive,30.4401884,-84.3026407
2025-01250067,FSUPD,GRAND THEFT $750 LESS THAN $5K,2025-01-25T09:00:00,2025-01-25T14:12:00,"288 CHAMPIONS WAY , TALLAHASSEE, FL 32306",Open/Pending,30.4374677,-84.3026837
2025-01230107,FSUPD,DWLS W/ KNOWLEDGE,2025-01-23T20:31:00,2025-01-23T20:31:00,"W ST AUGUSTINE ST/S WOODWARD AVE , TALLAHASSEE, FL 32304",Cleared by Arrest,30.4375878,-84.2980867
2025-01220052,FSUPD,failure to maintain lane,2025-01-22T13:10:00,2025-01-22T13:20:00,"410 WALKER ST , TALLAHASSEE, FL 32304",Cleared by Citation,30.4379897,-84.2997081
2025-01220089,FSUPD,BURGLARY OF UNOCCUP DWELLING WHILE UNARMED,2025-01-22T03:00:00,2025-01-22T20:21:00,"126 CONVOCATION WAY , TALLAHASSEE, FL 32306",Open/Pending,30.4421591,-84.2929902
2025-01200107,FSUPD,convicted of a vio of sub-1&who has a blood-alcohol level or breath-alcohol level of 0.15 or higher/ accomp by person under 18,2025-01-20T22:02:00,2025-01-20T22:02:00,"W BREVARD ST/W TENNESSEE ST , TALLAHASSEE, FL 32304",Cleared by Arrest,30.4489964,-84.3047241
2025-01190128,FSUPD,DWLS W/ KNOWLEDGE,2025-01-19T21:39:00,2025-01-19T21:39:00,"STADIUM DR/HENDRY ST , TALLAHASSEE, FL 32306",Cleared by Arrest,30.436203,-84.305851
2025-01190035,FSUPD,BATTERY- TOUCH OR STRIKE ANOTHER,2025-01-19T03:10:00,2025-01-19T03:10:00,"HERITAGE GROVE CIR, TALLAHASSEE, FL 32304",Cleared by Arrest,30.4463098,-84.3151489
2025-01190028,FSUPD,TRESPASS OF POSTED CONSTRUCTION SITE,2025-01-19T01:55:00,2025-01-19T01:55:00,"411 STADIUM DR , TALLAHASSEE, FL 32306",Closed,30.438076,-84.3046449
2025-01190009,FSUPD,CRIMINAL MISCHIEF $201 - $999- 1ST OFFENSE,2025-01-19T00:35:00,2025-01-19T00:35:00,"101 CHIEFTAN WAY , TALLAHASSEE, FL 32306",Inactive,30.444498,-84.301176
2025-01180064,FSUPD,DWLS W/ KNOWLEDGE,2025-01-18T14:20:00,2025-01-18T14:20:00,"601 W GAINES ST , TALLAHASSEE, FL 32304",Cleared by Arrest,30.4351784,-84.2899722
2025-01180052,FSUPD,OPERATE MOTORCYCLE WO LICENSE,2025-01-18T11:59:00,2025-01-18T11:59:00,"STADIUM DR , Tallahassee, FL 32304",Cleared by Arrest,30.4422781,-84.3064522
2025-01180030,FSUPD,TRESPASS OF STRUCTURE OR CONVEYANCE,2025-01-18T03:53:00,2025-01-18T03:53:00,"101 CHIEFTAN WAY , TALLAHASSEE, FL 32306",Cleared by Arrest,30.444498,-84.301176
2025-01180021,FSUPD,"DUI -under the influence of alcohol, chemical substance or controlled substance-person’s normal faculties are impaired.",2025-01-18T02:30:00,2025-01-18T02:31:00,"W COLLEGE AVE/S MACOMB ST , TALLAHASSEE, FL 32301",Cleared by Arrest,30.4407368,-84.2885201
2025-01180021,FSUPD,FLEE ELUDE LEO MARKED VEHICLE WITH LIGHTS SIREN ACTIVE,2025-01-18T02:30:00,2025-01-18T02:31:00,"W COLLEGE AVE/S MACOMB ST , TALLAHASSEE, FL 32301",Cleared by Arrest,30.4407368,-84.2885201
2025-01180021,FSUPD,LEAVE SCENE OF CRASH INVOLVE DAMAGE TO PROP,2025-01-18T02:30:00,2025-01-18T02:31:00,"W COLLEGE AVE/S MACOMB ST , TALLAHASSEE, FL 32301",Cleared by Arrest,30.4407368,-84.2885201
2025-01200075,FSUPD,Petit theft Property value $100 but less than $750,2025-01-17T17:00:00,2025-01-20T17:08:00,"101 S WOODWARD AVE , TALLAHASSEE, FL 32306",Open/Pending,30.4409736,-84.2976138
2025-01160122,FSUPD,POSS DRIVER LIC/ID CARD W ALTERED DOB,2025-01-16T21:53:00,2025-01-16T21:53:00,"W COLLEGE AVE , Tallahassee, FL 32306",Cleared by Arrest,30.4407329,-84.2864265
2025-01160122,FSUPD,POSSESSION OF ALCOHOL BY MINOR,2025-01-16T21:53:00,2025-01-16T21:53:00,"W COLLEGE AVE , Tallahassee, FL 32306",Cleared by Arrest,30.4407329,-84.2864265
2025-01160051,FSUPD,CRIMINAL MISCHIEF $200 OR LESS- 1ST OFFENSE,2025-01-16T09:45:00,2025-01-16T10:12:00,"714 UNIVERSITY WAY , TALLAHASSEE, FL 32306",Open/Pending,30.4406179,-84.2949849
2025-01140005,FSUPD,DUI - BAC .15 OR HIGHER OR HAS PASSENGER UND 18 YOA,2025-01-14T00:56:00,2025-01-14T00:56:00,"N DUVAL ST/W TENNESSEE ST , TALLAHASSEE, FL 32301",Cleared by Arrest,30.4447455,-84.2830878
2025-01130084,FSUPD,Petit theft Property value $100 but less than $750,2025-01-13T17:38:00,2025-01-13T17:38:00,"HERITAGE GROVE CIR, TALLAHASSEE, FL 32304",Victim Refused to Cooperate,30.4463098,-84.3151489
2025-01130079,FSUPD,TRESPASS OF STRUCTURE OR CONVEYANCE,2025-01-13T16:13:00,2025-01-13T16:13:00,"232 HAYDEN RD, TALLAHASSEE, FL 32304",Cleared by Arrest,30.4386368,-84.30781
2025-01130080,FSUPD,CRASH LEAVE THE SCENE W/O GIVING INFORMAITON MORE THAN $50 DAMAGE,2025-01-13T15:55:00,2025-01-13T16:12:00,"ST AUGUSTINE ST/VARSITY DR , TALLAHASSEE, FL",Closed,30.4375988,-84.3007653
2025-01130041,FSUPD,DWLS W/ KNOWLEDGE,2025-01-13T10:49:00,2025-01-13T10:49:00,"LAKE BRADFORD RD , Tallahassee, FL 32306",Cleared by Arrest,30.4240621,-84.3023423
2025-01270031,FSUPD,CRIMINAL MISCHIEF $201 - $999- 1ST OFFENSE,2025-01-13T08:20:00,2025-01-27T08:20:00,"305 BLOUNT ST , TALLAHASSEE, FL 32301",Inactive,30.4331443,-84.2847746
2025-01120066,FSUPD,PETIT THEFT 2ND DEG,2025-01-12T18:27:00,2025-01-12T18:27:00,"118 VARSITY WAY , TALLAHASSEE, FL 32306",Inactive,30.4419465,-84.3018533
2025-01100076,FSUPD,FAILURE TO APPEAR OF DEFENDANT ON BAIL FOR MISDEMEANOR CHARGE,2025-01-10T14:32:00,2025-01-10T14:32:00,"N M L KING JR BLVD/W TENNESSEE ST , TALLAHASSEE, FL 32301",Cleared by Arrest,30.4447422,-84.2856282
2026-07290043,FSUPD,Other- PETIT THEFT 1ST DEG $100 LESS THAN $750,2025-01-10T08:00:00,2026-07-29T08:43:00,"965 LEARNING WAY , TALLAHASSEE, FL 32306",Open/Pending,30.4410085,-84.2998742
2025-01100009,FSUPD,DRIV WHILE LIC SUSPEND REVOCATION EQUIV STATUS 1ST OFFENSE,2025-01-10T01:28:00,2025-01-10T01:28:00,"900 W TENNESSEE ST , TALLAHASSEE, FL 32304",Cleared by Arrest,30.4467187,-84.2976961
2025-01090118,FSUPD,CRIMINAL MISCHIEF $200 OR LESS- 1ST OFFENSE,2025-01-09T13:30:00,2025-01-09T19:11:00,"860 TRADITIONS WAY , TALLAHASSEE, FL 32306",Inactive,30.441505,-84.297107
2025-01090077,FSUPD,BURGLARY TO UNOCC CONVEY WHILE UNARMED,2025-01-09T01:30:00,2025-01-09T13:31:00,"504 W CALL ST , TALLAHASSEE, FL 32301",Open/Pending,30.4437193,-84.2890334
2025-01090012,FSUPD,TRESPASS OF STRUCTURE OR CONVEYANCE,2025-01-09T01:16:00,2025-01-09T01:16:00,"501 S COPELAND ST , TALLAHASSEE, FL 32301",Cleared by Arrest,30.438087,-84.290159
2025-01080079,FSUPD,ASSAULT- THREAT TO DO VIOLENCE,2025-01-08T15:50:00,2025-01-08T16:24:00,"287 CHAMPIONS WAY , TALLAHASSEE, FL 32306",Open/Pending,30.4376256,-84.3025185
2025-01080091,FSUPD,LEAVE SCENE OF CRASH INVOLVE DAMAGE TO PROP,2025-01-08T13:20:00,2025-01-08T18:24:00,"104 N WOODWARD AVE , TALLAHASSEE, FL 32306",Open/Pending,30.444642,-84.2988275
2025-01080084,FSUPD,DEFRAUD OR ATTEMPT TO DEFRAUD INDIV OUT OF PROPERTY BY PROMISE OF INSIDE INFORMATION,2025-01-08T13:00:00,2025-01-08T17:31:00,"802 UNIVERSITY WAY , TALLAHASSEE, FL 32306",Victim Refused to Cooperate,30.4404121,-84.2961709
2025-01080055,FSUPD,FAILURE TO YEILD TO ONCOMING TRAFFIC WHEN MAKING A LEFT TURN,2025-01-08T11:28:00,2025-01-08T11:28:00,"269 CHIEFTAN WAY , TALLAHASSEE, FL 32306",Cleared by Citation,30.4401884,-84.3026407
2025-01080053,FSUPD,FAILURE TO APPEAR OF DEFENDANT ON BAIL FOR MISDEMEANOR CHARGE,2025-01-08T11:02:00,2025-01-08T11:02:00,"SPIRIT WAY/STADIUM DR , TALLAHASSEE, FL 32306",Cleared by Arrest,30.44256009999999,-84.3051442
2025-01080053,FSUPD,POSSESSION OF CONTROLLED SUBSTANCE W/O PRESCRIPTION,2025-01-08T11:02:00,2025-01-08T11:02:00,"SPIRIT WAY/STADIUM DR , TALLAHASSEE, FL 32306",Cleared by Arrest,30.44256009999999,-84.3051442
2025-01090062,FSUPD,PETIT THEFT 2ND DEG,2025-01-08T08:00:00,2025-01-09T11:05:00,"668 UNIVERSITY WAY , TALLAHASSEE, FL 32306",Inactive,30.4406226,-84.293447
2025-01060007,FSUPD,DWLS W/ KNOWLEDGE,2025-01-06T01:33:00,2025-01-06T01:33:00,"N DUVAL ST/W TENNESSEE ST , TALLAHASSEE, FL 32301",Cleared by Arrest,30.4447455,-84.2830878
2025-01050180,FSUPD,FLEE ELUDE LEO MARKED VEHICLE WITH LIGHTS SIREN ACTIVE,2025-01-05T22:14:00,2025-01-05T22:14:00,"W CALL ST/MURPHREE ST , TALLAHASSEE, FL 32304",Cleared by Arrest,30.4465358,-84.3058809
2025-01050180,FSUPD,RESISTING ARREST W/OUT VIOLENCE,2025-01-05T22:14:00,2025-01-05T22:14:00,"W CALL ST/MURPHREE ST , TALLAHASSEE, FL 32304",Cleared by Arrest,30.4465358,-84.3058809
2025-01050101,FSUPD,CARELESS DRIVING,2025-01-05T11:05:00,2025-01-05T11:05:00,"EPPES DR , Tallahassee, FL 32304",Cleared by Citation,30.4316096,-84.3036137
2025-01040185,FSUPD,ACCIDENT UNATTENDED VEH OR PROP WO LEAVING ID,2025-01-04T20:15:00,2025-01-04T20:36:00,"505 W PENSACOLA ST , TALLAHASSEE, FL 32301",Open/Pending,30.4377748,-84.2866345
2025-01030124,FSUPD,DWLSR REVOCATION EQUIV STATUS 2ND OFF,2025-01-03T16:41:00,2025-01-03T16:41:00,"1238 CRATE DR , TALLAHASSEE, FL 32304",Open/Pending,30.4325724,-84.3037943
2025-01030124,FSUPD,RESISTING ARREST W/OUT VIOLENCE,2025-01-03T16:41:00,2025-01-03T16:41:00,"1238 CRATE DR , TALLAHASSEE, FL 32304",Open/Pending,30.4325724,-84.3037943
2025-01030096,FSUPD,DWLS W/ KNOWLEDGE,2025-01-03T13:12:00,2025-01-03T13:12:00,"PARK AVE W/S MACOMB ST , TALLAHASSEE, FL 32301",Cleared by Arrest,30.4382021,-84.2895384
2025-01020087,FSUPD,DWLS W/ KNOWLEDGE,2025-01-02T21:07:00,2025-01-02T21:07:00,CONRADI ST/SLUSHER ST,Closed,30.4484821,-84.3077301
2024-12300137,FSUPD,FAILURE TO APPEAR OF DEFENDANT ON BAIL FOR FELONY CHARGE,2024-12-30T17:37:00,2024-12-30T17:37:00,"322 STADIUM DR , TALLAHASSEE, FL 32304",Cleared by Arrest,30.4431762,-84.3068308
2024-12300137,FSUPD,FAILURE TO APPEAR OF DEFENDANT ON BAIL FOR MISDEMEANOR CHARGE,2024-12-30T17:37:00,2024-12-30T17:37:00,"322 STADIUM DR , TALLAHASSEE, FL 32304",Cleared by Arrest,30.4431762,-84.3068308
2024-12300137,FSUPD,Felony Battery,2024-12-30T17:37:00,2024-12-30T17:37:00,"322 STADIUM DR , TALLAHASSEE, FL 32304",Cleared by Arrest,30.4431762,-84.3068308
2024-12300137,FSUPD,KNOWINGLY GIVE FALSE INFO TO LEO ALLEGED CRIME- 1ST OFFENSE,2024-12-30T17:37:00,2024-12-30T17:37:00,"322 STADIUM DR , TALLAHASSEE, FL 32304",Cleared by Arrest,30.4431762,-84.3068308
2024-12300137,FSUPD,OPERATE MOTOR VEHICLE W/O VALID LIC 3RD/SUBSQ,2024-12-30T17:37:00,2024-12-30T17:37:00,"322 STADIUM DR , TALLAHASSEE, FL 32304",Cleared by Arrest,30.4431762,-84.3068308
2024-12300137,FSUPD,RESISTING ARREST W/OUT VIOLENCE,2024-12-30T17:37:00,2024-12-30T17:37:00,"322 STADIUM DR , TALLAHASSEE, FL 32304",Cleared by Arrest,30.4431762,-84.3068308
2024-12300089,FSUPD,FAIL TO REGISTER MOTOR VEH,2024-12-30T12:33:00,2024-12-30T12:33:00,"1520 JACKSON BLUFF RD , TALLAHASSEE, FL 32304",Cleared by Arrest,30.4349135,-84.307148
2024-12300089,FSUPD,vehicle does not contain those parts or is not at all times equipped with such lamps and other equipment in proper condition,2024-12-30T12:33:00,2024-12-30T12:33:00,"1520 JACKSON BLUFF RD , TALLAHASSEE, FL 32304",Cleared by Arrest,30.4349135,-84.307148
2025-01020045,FSUPD,GRAND THEFT $750 LESS THAN $5K,2024-12-21T14:00:00,2025-01-02T11:12:00,"75 N WOODWARD AVE , TALLAHASSEE, FL 32306",Open/Pending,30.4445043,-84.2971629
2025-01200073,FSUPD,Petit theft Property value $100 but less than $750,2024-12-13T16:00:00,2025-01-20T16:45:00,"202 VARSITY DR , TALLAHASSEE, FL 32306",Inactive,30.4406253,-84.3001788
2025-01060074,FSUPD,SEX BAT- RAPE18 YR OR OLDER BY PRSN 18 YR OR OLD,2024-12-11T01:00:00,2025-01-06T15:09:00,"808 W TENNESSEE ST, TALLAHASSEE, FL 32306",Open/Pending,30.445606,-84.294799
2025-01080096,FSUPD,Petit theft Property value $100 but less than $750,2024-12-09T12:00:00,2025-01-08T18:28:00,"1106 W CALL ST , TALLAHASSEE, FL 32306",Inactive,30.445961,-84.303475
2025-01060113,FSUPD,Petit theft Property value $100 but less than $750,2024-11-26T00:00:00,2025-01-06T20:51:00,"1106 W CALL ST , TALLAHASSEE, FL 32306",Inactive,30.445961,-84.303475
2025-01140100,FSUPD,CRIMINAL MISCHIEF $200 OR LESS- 1ST OFFENSE,2024-01-14T12:48:00,2025-01-14T16:44:00,"813 LAKE BRADFORD RD , TALLAHASSEE, FL 32304",Referred-other University Dept.,30.433085,-84.3018486
2025-01090063,FSUPD,CRIMINAL MISCHIEF $200 OR LESS- 1ST OFFENSE,2024-01-09T06:00:00,2025-01-09T11:22:00,"135 COLLEGIATE LOOP , TALLAHASSEE, FL 32306",Inactive,30.4415799,-84.2955199
2026-06280058,FSUPD,TRESSPASS AFTER WARNING,2006-06-28T12:18:00,2026-06-28T12:18:00,"301 S M L KING JR BLVD , TALLAHASSEE, FL 32301",Cleared by Arrest,,
2024-12310055,FSUPD,GRAND THEFT $10K LESS THAN $20K,2004-12-25T08:30:00,2024-12-31T07:13:00,"HENDRY ST/STADIUM DR , TALLAHASSEE, FL 32306",Open/Pending,30.4363715,-84.3056571
